Comment,Designator,Footprint,LCSC,Quantity
0.01uF,"C17,C18",C_0402_1005Metric,C15195,2
0.1uF,"C1,C10,C11,C12,C13,C14,C19,C20,C23,C25,C30,C32,C35,C36,C37,C38,C41,C42,C43,C44,C45,C46,C47,C48,C49,C50,C51,C52,C53,C54,C56,C57,C58,C59,C6,C60,C62,C64,C65,C66,C69,C7,C70,C71,C72,C73,C74,C75,C76,C77,C8,C9",C_0402_1005Metric,C307331,52
1.0-3PWB,"J12,J13",1.0-3PWB,C2905005,2
1.5uH,L3,FTC252012S1R5MBCA,C5832371,1
100,"R43,R44,R53,R54",R_0402_1005Metric,C25076,4
100k,R29,R_0402_1005Metric,C25741,1
10k,"R19,R22,R23,R25,R26,R32,R34,R37,R38,R39,R47",R_0402_1005Metric,C25744,11
10kΩ,RN2,RES-ARRAY-SMD_0804-8P-L2.0-W1.0-BL,C52175177,1
10uF,"C15,C16,C21,C22,C24,C40",C_0402_1005Metric,C7472949,6
12k,R41,R_0402_1005Metric,C25752,1
1M,"R1,R2,R3,R4,R5,R6,R7,R8",R_0402_1005Metric,C26083,8
1k,R52,R_0402_1005Metric,C11702,1
1uF,"C2,C3,C4,C5,C55,C67,C68",C_0402_1005Metric,C52923,7
2.2k,"R21,R24,R30,R31,R36,R50,R51",R_0402_1005Metric,C25879,7
220,"R10,R11,R12,R13,R14,R15,R16,R9",R_0402_1005Metric,C25091,8
22k,R28,R_0402_1005Metric,C25768,1
22uF,"C27,C29,C31,C34",C_0603_1608Metric_Pad1.08x0.95mm_HandSolder,C7432770,4
3.6k,R20,R_0402_1005Metric,C3017490,1
30Ω,"RN1,RN3",RES-ARRAY-SMD_0402-4P-L1.0-W1.0-BL,C425336,2
33,"R40,R45,R46,R48,R49",R_0402_1005Metric,C25105,5
33pF,"C26,C28,C33,C39,C61,C63",C_0402_1005Metric,C1562,6
4.7k,"R27,R33,R35,R55",R_0402_1005Metric,C25900,4
5.1k,"R17,R18",R_0402_1005Metric,C25905,2
93LC56BT-I,U5,93LC56BT-I,C190271,1
ADS1115IDGSR,"U1,U2",DGS0010A_M,C37593,2
DSWB02LHGETB,SW1,DSWB02LHGETB,C964136,1
FT2232HL,U7,LQFP-64_10x10mm_P0.5mm,C27882,1
GT-USB-7010ASV,J1,USB-C-SMD_G-SWITCH_GT-USB-7010ASV,C2988369,1
HCB1005KF-121T20,"L1,L2,L4,L5,L6,L7,L8",R_0402_1005Metric_Pad0.72x0.64mm_HandSolder,C141722,7
LCMXO2-1200HC-4SG32I,IC4,QFN50P500X500X60-33N_handsolder,C1551142,1
LESD5D5-0CT1G,D1,D_SOD-523,C5199159,1
MT9700,IC2,SOT-23-5_L3.0-W1.7-P0.95-LS2.8-BR,C42441843,1
MTS4P,IC3,MTS4P,C19284877,1
RP2040,U10,QFN-56-1EP_7x7mm_P0.4mm_EP3.2x3.2mm_handsolder,C2040,1
RQ12000160,"U3,U6,U8",CRYSTAL-SMD_4P-L2.5-W2.0-BL,C2929403,3
RT5752BHGJ5,U4,TSOT-23-5,C3003186,1
SKRPACE010,S1,SW_SKRPACE010,C139797,1
SL2.1s,IC1,SSOP-16_L4.6-W2.6-P0.53-LS4.0-BL,C2684433,1
TLV803SDBZR,U9,DBZ0003A_N,C132016,1
TMUX1574DYYR,U11,SOT-23-THIN-16_DYY_TEX,C1855769,1
W25Q16JVUXIQ,IC5,SON50P300X200X60-9N_handsolder,C2843335,1
WJ126V-5.0-2P,"J2,J3,J4,J5",WJ126V-5.0-2P,C8404,4
XL-1005UBC,D2,LED_0402_1005Metric_Pad0.77x0.64mm_HandSolder,C22355736,1
Conn_02x03_Odd_Even,J6,PinHeader_2x03_P2.54mm_Vertical,,1
Conn_02x03_Odd_Even,J8,PinHeader_2x03_P2.54mm_Vertical,,1
TestPoint,TP1,TestPoint_Pad_D1.0mm,,1
Conn_02x03_Odd_Even,J9,PinHeader_2x03_P2.54mm_Vertical,,1
TestPoint,TP2,TestPoint_Pad_D1.0mm,,1
Conn_02x03_Odd_Even,J7,PinHeader_2x03_P2.54mm_Vertical,,1
Conn_02x03_Odd_Even,J10,PinHeader_2x03_P2.54mm_Vertical,,1
Conn_01x04,J11,PinHeader_1x04_P2.54mm_Vertical,,1
