Designator,Val,Package,Mid X,Mid Y,Rotation,Layer
C1,0.1uF,C_0402_1005Metric,128.428,-113.769,180.0,bottom
C10,0.1uF,C_0402_1005Metric,122.548,-76.75,0.0,bottom
C11,0.1uF,C_0402_1005Metric,124.498,-76.75,180.0,bottom
C12,0.1uF,C_0402_1005Metric,133.318,-76.75,0.0,bottom
C13,0.1uF,C_0402_1005Metric,135.218,-76.75,180.0,bottom
C14,0.1uF,C_0402_1005Metric,120.598,-92.319,90.0,bottom
C15,10uF,C_0402_1005Metric,124.358,-98.739,90.0,bottom
C16,10uF,C_0402_1005Metric,124.1465,-98.806,0.0,top
C17,0.01uF,C_0402_1005Metric,133.648,-79.529,180.0,bottom
C18,0.01uF,C_0402_1005Metric,154.688,-79.619,180.0,bottom
C19,0.1uF,C_0402_1005Metric,133.648,-80.459,180.0,bottom
C2,1uF,C_0402_1005Metric,145.0,-75.71,0.0,bottom
C20,0.1uF,C_0402_1005Metric,154.708,-80.599,180.0,bottom
C21,10uF,C_0402_1005Metric,126.379799,-99.888,180.0,top
C22,10uF,C_0402_1005Metric,126.379799,-98.872,180.0,top
C23,0.1uF,C_0402_1005Metric,123.848,-104.709,0.0,bottom
C24,10uF,C_0402_1005Metric,125.988,-103.589,90.0,bottom
C25,0.1uF,C_0402_1005Metric,157.188,-97.779,90.0,bottom
C26,33pF,C_0402_1005Metric,128.358,-100.369,90.0,top
C27,22uF,C_0603_1608Metric_Pad1.08x0.95mm_HandSolder,128.8205,-101.839,180.0,bottom
C28,33pF,C_0402_1005Metric,133.398,-100.289,90.0,top
C29,22uF,C_0603_1608Metric_Pad1.08x0.95mm_HandSolder,128.8205,-100.339,180.0,bottom
C3,1uF,C_0402_1005Metric,155.739,-75.71,0.0,bottom
C30,0.1uF,C_0402_1005Metric,139.548,-71.609,0.0,bottom
C31,22uF,C_0603_1608Metric_Pad1.08x0.95mm_HandSolder,126.028,-93.1115,270.0,bottom
C32,0.1uF,C_0402_1005Metric,141.688,-88.999,180.0,bottom
C33,33pF,C_0402_1005Metric,135.808,-85.219,90.0,top
C34,22uF,C_0603_1608Metric_Pad1.08x0.95mm_HandSolder,124.498,-93.1215,270.0,bottom
C35,0.1uF,C_0402_1005Metric,147.738,-101.449,90.0,bottom
C36,0.1uF,C_0402_1005Metric,155.818,-104.719,0.0,top
C37,0.1uF,C_0402_1005Metric,155.848,-104.039,180.0,bottom
C38,0.1uF,C_0402_1005Metric,155.248,-100.929,90.0,top
C39,33pF,C_0402_1005Metric,130.838,-85.079,90.0,top
C4,1uF,C_0402_1005Metric,123.507,-75.71,0.0,bottom
C40,10uF,C_0402_1005Metric,147.193,-85.0305,270.0,bottom
C41,0.1uF,C_0402_1005Metric,125.428,-88.169,180.0,bottom
C42,0.1uF,C_0402_1005Metric,127.288,-88.169,180.0,bottom
C43,0.1uF,C_0402_1005Metric,129.598,-88.229,180.0,bottom
C44,0.1uF,C_0402_1005Metric,149.838,-98.829,90.0,top
C45,0.1uF,C_0402_1005Metric,146.348,-85.279,-90.0,top
C46,0.1uF,C_0402_1005Metric,134.438,-94.099,-90.0,top
C47,0.1uF,C_0402_1005Metric,147.978,-105.529,-90.0,top
C48,0.1uF,C_0402_1005Metric,148.928,-94.309,270.0,bottom
C49,0.1uF,C_0402_1005Metric,145.108,-83.579,90.0,top
C5,1uF,C_0402_1005Metric,134.247,-75.71,0.0,bottom
C50,0.1uF,C_0402_1005Metric,152.848,-108.289,-90.0,top
C51,0.1uF,C_0402_1005Metric,138.368,-84.319,180.0,bottom
C52,0.1uF,C_0402_1005Metric,147.058,-105.529,-90.0,top
C53,0.1uF,C_0402_1005Metric,134.938,-89.259,180.0,bottom
C54,0.1uF,C_0402_1005Metric,133.908,-92.049,180.0,top
C55,1uF,C_0402_1005Metric,147.188,-113.569,0.0,bottom
C56,0.1uF,C_0402_1005Metric,140.468,-99.179,270.0,bottom
C57,0.1uF,C_0402_1005Metric,145.438,-114.03,270.0,bottom
C58,0.1uF,C_0402_1005Metric,144.418,-98.669,0.0,bottom
C59,0.1uF,C_0402_1005Metric,149.338,-89.859,180.0,bottom
C6,0.1uF,C_0402_1005Metric,144.028,-76.75,0.0,bottom
C60,0.1uF,C_0402_1005Metric,142.108,-83.879,90.0,bottom
C61,33pF,C_0402_1005Metric,133.098,-114.949,-90.0,top
C62,0.1uF,C_0402_1005Metric,115.418,-119.209,0.0,bottom
C63,33pF,C_0402_1005Metric,138.128,-114.909,-90.0,top
C64,0.1uF,C_0402_1005Metric,139.788,-112.979,-90.0,top
C65,0.1uF,C_0402_1005Metric,137.368,-102.819,180.0,top
C66,0.1uF,C_0402_1005Metric,115.188,-114.299,0.0,bottom
C67,1uF,C_0402_1005Metric,140.568,-102.119,270.0,bottom
C68,1uF,C_0402_1005Metric,142.708,-102.299,270.0,bottom
C69,0.1uF,C_0402_1005Metric,133.878,-104.049,90.0,top
C7,0.1uF,C_0402_1005Metric,145.958,-76.75,180.0,bottom
C70,0.1uF,C_0402_1005Metric,133.248,-108.359,180.0,top
C71,0.1uF,C_0402_1005Metric,138.798,-112.989,-90.0,top
C72,0.1uF,C_0402_1005Metric,143.768,-108.289,0.0,top
C73,0.1uF,C_0402_1005Metric,143.708,-104.649,0.0,top
C74,0.1uF,C_0402_1005Metric,137.288,-102.019,0.0,bottom
C75,0.1uF,C_0402_1005Metric,141.768,-102.239,90.0,top
C76,0.1uF,C_0402_1005Metric,137.278,-101.269,180.0,top
C77,0.1uF,C_0402_1005Metric,153.134,-97.339,180.0,bottom
C8,0.1uF,C_0402_1005Metric,154.788,-76.75,0.0,bottom
C9,0.1uF,C_0402_1005Metric,156.688,-76.75,180.0,bottom
D1,LESD5D5-0CT1G,D_SOD-523,121.031,-92.772,90.0,top
D2,XL-1005UBC,LED_0402_1005Metric_Pad0.77x0.64mm_HandSolder,113.4935,-89.739,0.0,top
IC1,SL2.1s,SSOP-16_L4.6-W2.6-P0.53-LS4.0-BL,126.544299,-95.863,180.0,top
IC2,MT9700,SOT-23-5_L3.0-W1.7-P0.95-LS2.8-BR,123.383,-101.824,180.0,bottom
IC3,MTS4P,MTS4P,139.573,-72.847,180.0,bottom
IC4,LCMXO2-1200HC-4SG32I,QFN50P500X500X60-33N_handsolder,151.653,-103.398,0.0,top
IC5,W25Q16JVUXIQ,SON50P300X200X60-9N_handsolder,142.621,-112.776,180.0,bottom
J1,GT-USB-7010ASV,USB-C-SMD_G-SWITCH_GT-USB-7010ASV,116.76,-95.9,-90.0,top
J10,Conn_02x03_Odd_Even,PinHeader_2x03_P2.54mm_Vertical,114.77,-75.54,0.0,top
J11,Conn_01x04,PinHeader_1x04_P2.54mm_Vertical,159.177,-100.33,0.0,top
J12,1.0-3PWB,1.0-3PWB,157.958,-88.039001,270.0,bottom
J13,1.0-3PWB,1.0-3PWB,157.958,-110.949,270.0,bottom
J2,WJ126V-5.0-2P,WJ126V-5.0-2P,144.995,-75.184,-90.0,top
J3,WJ126V-5.0-2P,WJ126V-5.0-2P,155.739,-75.184,-90.0,top
J4,WJ126V-5.0-2P,WJ126V-5.0-2P,123.507,-75.184,-90.0,top
J5,WJ126V-5.0-2P,WJ126V-5.0-2P,134.247,-75.184,-90.0,top
J6,Conn_02x03_Odd_Even,PinHeader_2x03_P2.54mm_Vertical,147.574,-117.221,90.0,top
J7,Conn_02x03_Odd_Even,PinHeader_2x03_P2.54mm_Vertical,156.337,-117.221,90.0,top
J8,Conn_02x03_Odd_Even,PinHeader_2x03_P2.54mm_Vertical,126.873,-110.871,90.0,top
J9,Conn_02x03_Odd_Even,PinHeader_2x03_P2.54mm_Vertical,126.873,-117.094,90.0,top
L1,HCB1005KF-121T20,R_0402_1005Metric_Pad0.72x0.64mm_HandSolder,122.7715,-99.441,180.0,bottom
L2,HCB1005KF-121T20,R_0402_1005Metric_Pad0.72x0.64mm_HandSolder,127.698,-104.199,180.0,bottom
L3,1.5uH,FTC252012S1R5MBCA,128.258,-93.214,90.0,bottom
L4,HCB1005KF-121T20,R_0402_1005Metric_Pad0.72x0.64mm_HandSolder,121.954225,-89.8265,90.0,bottom
L5,HCB1005KF-121T20,R_0402_1005Metric_Pad0.72x0.64mm_HandSolder,123.986225,-89.8265,90.0,bottom
L6,HCB1005KF-121T20,R_0402_1005Metric_Pad0.72x0.64mm_HandSolder,125.002225,-89.789,90.0,bottom
L7,HCB1005KF-121T20,R_0402_1005Metric_Pad0.72x0.64mm_HandSolder,126.873,-89.745225,90.0,bottom
L8,HCB1005KF-121T20,R_0402_1005Metric_Pad0.72x0.64mm_HandSolder,129.159,-89.8265,90.0,bottom
R1,1M,R_0402_1005Metric,140.828,-74.8,270.0,bottom
R10,220,R_0402_1005Metric,145.468,-74.3,270.0,bottom
R11,220,R_0402_1005Metric,155.268,-74.3,270.0,bottom
R12,220,R_0402_1005Metric,156.218,-74.3,270.0,bottom
R13,220,R_0402_1005Metric,123.058,-74.3,270.0,bottom
R14,220,R_0402_1005Metric,123.998,-74.3,270.0,bottom
R15,220,R_0402_1005Metric,133.798,-74.3,270.0,bottom
R16,220,R_0402_1005Metric,134.748,-74.3,270.0,bottom
R17,5.1k,R_0402_1005Metric,117.498,-94.599,0.0,bottom
R18,5.1k,R_0402_1005Metric,117.448,-97.669,0.0,bottom
R19,10k,R_0402_1005Metric,115.5255,-89.749,180.0,top
R2,1M,R_0402_1005Metric,149.178,-74.8,90.0,bottom
R20,3.6k,R_0402_1005Metric,120.968,-102.864,90.0,bottom
R21,2.2k,R_0402_1005Metric,160.558,-102.689,270.0,bottom
R22,10k,R_0402_1005Metric,124.098,-80.739,0.0,bottom
R23,10k,R_0402_1005Metric,145.528,-80.549,180.0,bottom
R24,2.2k,R_0402_1005Metric,157.218,-100.039,270.0,bottom
R25,10k,R_0402_1005Metric,149.968,-107.859,90.0,top
R26,10k,R_0402_1005Metric,154.238,-107.029,180.0,top
R27,4.7k,R_0402_1005Metric,148.058,-103.359,180.0,bottom
R28,22k,R_0402_1005Metric,126.358,-100.469,90.0,bottom
R29,100k,R_0402_1005Metric,125.288,-98.4765,90.0,bottom
R3,1M,R_0402_1005Metric,151.578,-74.8,270.0,bottom
R30,2.2k,R_0402_1005Metric,150.778,-98.829,90.0,top
R31,2.2k,R_0402_1005Metric,152.578,-97.829,-90.0,top
R32,10k,R_0402_1005Metric,142.728,-93.459,90.0,bottom
R33,4.7k,R_0402_1005Metric,153.548,-98.999,-90.0,top
R34,10k,R_0402_1005Metric,138.088,-93.579,90.0,bottom
R35,4.7k,R_0402_1005Metric,154.498,-98.999,-90.0,top
R36,2.2k,R_0402_1005Metric,140.3615,-94.149,0.0,bottom
R37,10k,R_0402_1005Metric,155.658,-106.169,90.0,top
R38,10k,R_0402_1005Metric,140.858,-87.399,0.0,bottom
R39,10k,R_0402_1005Metric,152.508,-98.999,270.0,bottom
R4,1M,R_0402_1005Metric,159.908,-74.8,90.0,bottom
R40,33,R_0402_1005Metric,139.38,-88.5455,90.0,bottom
R41,12k,R_0402_1005Metric,133.9585,-90.17,180.0,top
R43,100,R_0402_1005Metric,139.8905,-110.139,0.0,bottom
R44,100,R_0402_1005Metric,145.878,-105.429,0.0,bottom
R45,33,R_0402_1005Metric,137.348,-112.789,0.0,top
R46,33,R_0402_1005Metric,141.448,-104.869,0.0,bottom
R47,10k,R_0402_1005Metric,117.068,-114.289,0.0,bottom
R48,33,R_0402_1005Metric,118.548,-114.939,270.0,bottom
R49,33,R_0402_1005Metric,143.768,-107.259,0.0,top
R5,1M,R_0402_1005Metric,119.408,-74.8,270.0,bottom
R50,2.2k,R_0402_1005Metric,133.228,-105.539,180.0,bottom
R51,2.2k,R_0402_1005Metric,133.228,-106.539,180.0,bottom
R52,1k,R_0402_1005Metric,114.5805,-105.664,180.0,bottom
R53,100,R_0402_1005Metric,133.238,-109.329,180.0,top
R54,100,R_0402_1005Metric,133.398,-110.359,180.0,top
R55,4.7k,R_0402_1005Metric,116.9935,-102.616,0.0,bottom
R6,1M,R_0402_1005Metric,127.638,-74.8,90.0,bottom
R7,1M,R_0402_1005Metric,130.098,-74.8,270.0,bottom
R8,1M,R_0402_1005Metric,138.378,-74.8,90.0,bottom
R9,220,R_0402_1005Metric,144.508,-74.3,270.0,bottom
RN1,30Ω,RES-ARRAY-SMD_0402-4P-L1.0-W1.0-BL,128.720611,-90.984006,0.0,top
RN2,10kΩ,RES-ARRAY-SMD_0804-8P-L2.0-W1.0-BL,149.827936,-92.019038,-90.0,top
RN3,30Ω,RES-ARRAY-SMD_0402-4P-L1.0-W1.0-BL,128.725389,-92.733994,0.0,top
S1,SKRPACE010,SW_SKRPACE010,116.289,-117.153,0.0,top
SW1,DSWB02LHGETB,DSWB02LHGETB,115.443,-107.95,0.0,top
TP1,TestPoint,TestPoint_Pad_D1.0mm,129.667,-105.029,0.0,top
TP2,TestPoint,TestPoint_Pad_D1.0mm,146.177,-110.49,0.0,top
U1,ADS1115IDGSR,DGS0010A_M,128.832999,-79.389001,180.0,bottom
U10,RP2040,QFN-56-1EP_7x7mm_P0.4mm_EP3.2x3.2mm_handsolder,138.5545,-107.437,0.0,top
U11,TMUX1574DYYR,SOT-23-THIN-16_DYY_TEX,154.708002,-94.48205,180.0,bottom
U2,ADS1115IDGSR,DGS0010A_M,150.114001,-79.389001,180.0,bottom
U3,RQ12000160,CRYSTAL-SMD_4P-L2.5-W2.0-BL,130.801299,-100.362,180.0,top
U4,RT5752BHGJ5,TSOT-23-5,127.458,-97.4765,90.0,bottom
U5,93LC56BT-I,93LC56BT-I,140.335,-91.567,90.0,bottom
U6,RQ12000160,CRYSTAL-SMD_4P-L2.5-W2.0-BL,133.202,-85.05,180.0,top
U7,FT2232HL,LQFP-64_10x10mm_P0.5mm,141.645,-91.515,270.0,top
U8,RQ12000160,CRYSTAL-SMD_4P-L2.5-W2.0-BL,135.697,-115.05,0.0,top
U9,TLV803SDBZR,DBZ0003A_N,116.138999,-116.773999,270.0,bottom
