Designator,Mid X,Mid Y,Rotation,Layer
C1,128.428,-113.769,180.0,bottom
C10,122.548,-76.75,0.0,bottom
C11,124.498,-76.75,180.0,bottom
C12,133.318,-76.75,0.0,bottom
C13,135.218,-76.75,180.0,bottom
C14,120.598,-92.319,90.0,bottom
C15,124.358,-98.739,90.0,bottom
C16,124.1465,-98.806,0.0,top
C17,133.648,-79.529,180.0,bottom
C18,154.688,-79.619,180.0,bottom
C19,133.648,-80.459,180.0,bottom
C2,145.0,-75.71,0.0,bottom
C20,154.708,-80.599,180.0,bottom
C21,126.379799,-99.888,180.0,top
C22,126.379799,-98.872,180.0,top
C23,123.848,-104.709,0.0,bottom
C24,125.988,-103.589,90.0,bottom
C25,157.188,-97.779,90.0,bottom
C26,128.358,-100.369,90.0,top
C27,128.8205,-101.839,180.0,bottom
C28,133.398,-100.289,90.0,top
C29,128.8205,-100.339,180.0,bottom
C3,155.739,-75.71,0.0,bottom
C30,139.518,-71.737,0.0,bottom
C31,126.028,-93.1115,270.0,bottom
C32,141.668,-88.999,180.0,bottom
C33,135.808,-85.219,90.0,top
C34,124.498,-93.1215,270.0,bottom
C35,147.738,-101.449,90.0,bottom
C36,155.818,-104.719,0.0,top
C37,155.848,-104.039,180.0,bottom
C38,155.248,-100.929,90.0,top
C39,130.838,-85.079,90.0,top
C4,123.507,-75.71,0.0,bottom
C40,147.193,-85.0305,270.0,bottom
C41,125.428,-88.169,180.0,bottom
C42,127.288,-88.169,180.0,bottom
C43,129.598,-88.229,180.0,bottom
C44,149.838,-98.829,90.0,top
C45,146.348,-85.279,270.0,top
C46,134.438,-94.099,270.0,top
C47,147.978,-105.529,270.0,top
C48,148.928,-94.309,270.0,bottom
C49,145.108,-83.579,90.0,top
C5,134.247,-75.71,0.0,bottom
C50,152.848,-108.289,270.0,top
C51,138.368,-84.319,180.0,bottom
C52,147.058,-105.529,270.0,top
C53,134.938,-89.259,180.0,bottom
C54,133.908,-92.049,180.0,top
C55,147.188,-113.569,0.0,bottom
C56,140.468,-99.179,270.0,bottom
C57,145.438,-114.03,270.0,bottom
C58,144.418,-98.669,0.0,bottom
C59,149.338,-89.859,180.0,bottom
C6,144.028,-76.75,0.0,bottom
C60,142.108,-83.879,90.0,bottom
C61,133.098,-114.949,270.0,top
C62,115.418,-119.209,0.0,bottom
C63,138.128,-114.909,270.0,top
C64,139.788,-112.979,270.0,top
C65,137.368,-102.819,180.0,top
C66,115.188,-114.299,0.0,bottom
C67,140.568,-102.119,270.0,bottom
C68,142.708,-102.299,270.0,bottom
C69,133.878,-104.049,90.0,top
C7,145.958,-76.75,180.0,bottom
C70,133.248,-108.359,180.0,top
C71,138.798,-112.989,270.0,top
C72,143.768,-108.289,0.0,top
C73,143.708,-104.649,0.0,top
C74,137.288,-102.019,0.0,bottom
C75,141.768,-102.239,90.0,top
C76,137.278,-101.269,180.0,top
C77,153.134,-97.339,180.0,bottom
C8,154.788,-76.75,0.0,bottom
C9,156.688,-76.75,180.0,bottom
D1,121.031,-92.772,90.0,top
D2,113.4935,-89.739,0.0,top
IC1,126.544299,-95.863,180.0,top
IC2,123.383,-101.824,90.0,bottom
IC3,139.573,-72.847,180.0,bottom
IC4,151.653,-103.398,0.0,top
IC5,142.621,-112.776,180.0,bottom
J1,116.9,-95.9,270.0,top
J10,114.77,-75.54,0.0,top
J11,159.177,-100.33,0.0,top
J12,158.058,-88.639001,270.0,bottom
J13,158.058,-111.549,270.0,bottom
J2,144.995,-75.184,270.0,top
J3,155.739,-75.184,270.0,top
J4,123.507,-75.184,270.0,top
J5,134.247,-75.184,270.0,top
J6,147.574,-117.221,90.0,top
J7,156.337,-117.221,90.0,top
J8,126.873,-110.871,90.0,top
J9,126.873,-117.094,90.0,top
L1,122.7715,-99.441,180.0,bottom
L2,127.698,-104.199,180.0,bottom
L3,128.258,-93.214,90.0,bottom
L4,121.954225,-89.8265,90.0,bottom
L5,123.986225,-89.8265,90.0,bottom
L6,125.002225,-89.789,90.0,bottom
L7,126.873,-89.745225,90.0,bottom
L8,129.159,-89.8265,90.0,bottom
R1,140.828,-74.8,270.0,bottom
R10,145.468,-74.3,270.0,bottom
R11,155.268,-74.3,270.0,bottom
R12,156.218,-74.3,270.0,bottom
R13,123.058,-74.3,270.0,bottom
R14,123.998,-74.3,270.0,bottom
R15,133.798,-74.3,270.0,bottom
R16,134.748,-74.3,270.0,bottom
R17,117.498,-94.599,0.0,bottom
R18,117.448,-97.669,0.0,bottom
R19,115.5255,-89.749,180.0,top
R2,149.178,-74.8,90.0,bottom
R20,120.968,-102.864,90.0,bottom
R21,160.668,-102.969,270.0,bottom
R22,124.098,-80.739,0.0,bottom
R23,145.528,-80.549,180.0,bottom
R24,157.218,-100.039,270.0,bottom
R25,149.968,-107.859,90.0,top
R26,154.238,-107.029,180.0,top
R27,148.058,-103.359,180.0,bottom
R28,126.358,-100.469,90.0,bottom
R29,125.288,-98.4765,90.0,bottom
R3,151.578,-74.8,270.0,bottom
R30,150.778,-98.829,90.0,top
R31,152.578,-97.829,270.0,top
R32,142.728,-93.459,90.0,bottom
R33,153.548,-98.999,270.0,top
R34,138.088,-93.579,90.0,bottom
R35,154.498,-98.999,270.0,top
R36,140.3615,-94.149,0.0,bottom
R37,155.658,-106.169,90.0,top
R38,140.858,-87.399,0.0,bottom
R39,152.508,-98.999,270.0,bottom
R4,159.908,-74.8,90.0,bottom
R40,139.38,-88.5455,90.0,bottom
R41,133.9585,-90.17,180.0,top
R43,139.8905,-110.139,0.0,bottom
R44,145.878,-105.429,0.0,bottom
R45,137.348,-112.789,0.0,top
R46,141.448,-104.869,0.0,bottom
R47,117.068,-114.289,0.0,bottom
R48,118.548,-114.939,270.0,bottom
R49,143.768,-107.259,0.0,top
R5,119.408,-74.8,270.0,bottom
R50,133.228,-105.539,180.0,bottom
R51,133.228,-106.539,180.0,bottom
R52,114.5805,-105.664,180.0,bottom
R53,133.238,-109.329,180.0,top
R54,133.398,-110.359,180.0,top
R55,116.9935,-102.616,0.0,bottom
R6,127.638,-74.8,90.0,bottom
R7,130.098,-74.8,270.0,bottom
R8,138.378,-74.8,90.0,bottom
R9,144.508,-74.3,270.0,bottom
RN1,128.720611,-90.984006,0.0,top
RN2,149.827924,-92.019038,270.0,top
RN3,128.725389,-92.733994,0.0,top
S1,116.289,-117.153,0.0,top
SW1,115.443,-107.95,0.0,top
TP1,129.667,-105.029,0.0,top
TP2,146.177,-110.49,0.0,top
U1,128.832998,-79.389001,180.0,bottom
U10,138.557,-107.442,90.0,top
U11,154.708002,-94.48205,90.0,bottom
U2,150.114,-79.389001,180.0,bottom
U3,130.801299,-100.362,180.0,top
U4,127.458,-97.4765,90.0,bottom
U5,140.335,-91.567,90.0,bottom
U6,133.202,-85.05,180.0,top
U7,141.645,-91.515,270.0,top
U8,135.697,-115.05,0.0,top
U9,116.139001,-116.773998,270.0,bottom
